<?xml version="1.0" encoding="UTF-8"?>
<project-private xmlns="http://www.netbeans.org/ns/project-private/1">
    <editor-bookmarks xmlns="http://www.netbeans.org/ns/editor-bookmarks/2" lastBookmarkId="0"/>
    <open-files xmlns="http://www.netbeans.org/ns/projectui-open-files/2">
        <group>
            <file>file:/C:/Users/Klinn/Documents/NetBeansProjects/C189/src/c189/HashTable.java</file>
            <file>file:/C:/Users/Klinn/Documents/NetBeansProjects/C189/src/c189/Main.java</file>
            <file>file:/C:/Users/Klinn/Documents/NetBeansProjects/C189/src/c189/Person.java</file>
            <file>file:/C:/Users/Klinn/Documents/NetBeansProjects/C189/src/c189/HashTableNode.java</file>
            <file>file:/C:/Users/Klinn/Documents/NetBeansProjects/C189/src/c189/BinaryTree.java</file>
            <file>file:/C:/Users/Klinn/Documents/NetBeansProjects/C189/src/c189/BinaryTreeNode.java</file>
        </group>
    </open-files>
</project-private>
